use covid19managementfinal;

------------------ data insert - vaccination center table --------------------------

INSERT INTO VACCINATIONCENTER(CENTERID, CENTERNAME, ADDRESS, CONTACT, EMAIL, UNITSAVAILABLE, PERDAYCAPACITY) 
VALUES(634356, 'RCS' , '14 stuu street, 02123, Boston, MA',	8505563700, 'rcs@gmail.com', 1000, 40 );

INSERT INTO VACCINATIONCENTER(CENTERID, CENTERNAME, ADDRESS, CONTACT, EMAIL, UNITSAVAILABLE, PERDAYCAPACITY) 
VALUES(345987, 'BCH', '15 stuu street, 02121, Boston, MA',	8502943771,	'bch@gmail.com',	189,	50);

INSERT INTO VACCINATIONCENTER(CENTERID, CENTERNAME, ADDRESS, CONTACT, EMAIL, UNITSAVAILABLE, PERDAYCAPACITY) 
VALUES(789123, 'MHO', '16 stuu street, 02100, Boston, MA',	8504560072,	'mho@gmail.com',	778,	60);

INSERT INTO VACCINATIONCENTER(CENTERID, CENTERNAME, ADDRESS, CONTACT, EMAIL, UNITSAVAILABLE, PERDAYCAPACITY) 
VALUES(546908, 'UNH', '17 stuu street, 02111, Boston, MA',	8502090073,	'unh@gmail.com',	1099,	80);

INSERT INTO VACCINATIONCENTER(CENTERID, CENTERNAME, ADDRESS, CONTACT, EMAIL, UNITSAVAILABLE, PERDAYCAPACITY) 
VALUES(348722, 'APL', '18 stuu street, 02134, Boston, MA',	8502943772,	'apl@gmail.com',	990,	60);

INSERT INTO VACCINATIONCENTER(CENTERID, CENTERNAME, ADDRESS, CONTACT, EMAIL, UNITSAVAILABLE, PERDAYCAPACITY) 
VALUES(768890, 'SPH', '19 stuu street, 02156, Boston, MA',	8504560073,	'sph@gmail.com',	895,	70);

INSERT INTO VACCINATIONCENTER(CENTERID, CENTERNAME, ADDRESS, CONTACT, EMAIL, UNITSAVAILABLE, PERDAYCAPACITY) 
VALUES(387691, 'JKL', '20 stuu street, 02155, Boston, MA',	8502090074,	'jkl@gmail.com',	1056,	80);

INSERT INTO VACCINATIONCENTER(CENTERID, CENTERNAME, ADDRESS, CONTACT, EMAIL, UNITSAVAILABLE, PERDAYCAPACITY) 
VALUES(768342, 'LBP', '21 stuu, street, 02145, Boston MA',	8502943773,	'lbp@gmail.com',	1090,	85);

INSERT INTO VACCINATIONCENTER(CENTERID, CENTERNAME, ADDRESS, CONTACT, EMAIL, UNITSAVAILABLE, PERDAYCAPACITY) 
VALUES(656565, 'RLO', '22 stuu street, 02167, Boston, MA',	8504560074,	'rlo@gmail.com',	1070,	75);

INSERT INTO VACCINATIONCENTER(CENTERID, CENTERNAME, ADDRESS, CONTACT, EMAIL, UNITSAVAILABLE, PERDAYCAPACITY) 
VALUES(902234, 'PSD', '23 stuu street, 02169, Boston, MA',	8502090075,	'psd@gmail.com',	920,	85);

------------------------------------ data insert - vendor table -----------------------------------------

INSERT INTO VENDOR(VENDORLIC, Name, Address, CONTACT, Quantity, Email, TRANSPORTMODE,SHIPMENTDATE) 
Values (1983,'GFU','253 Elizabeth Road, Boston, MA, 02115',8374392028,5500,'GFU@gmail.com','Ground','2022-03-05') ;

 

INSERT INTO VENDOR(VENDORLIC, Name, Address, CONTACT, Quantity, Email,TRANSPORTMODE,SHIPMENTDATE) 
Values (2891,'TEX','789 Silver Road, Seattle, WA, 02123',6382083423,7600,'TEX@gmail.com','Ground','2022-02-07') ;

 

INSERT INTO VENDOR(VENDORLIC, Name, Address,CONTACT, Quantity, Email,TRANSPORTMODE,SHIPMENTDATE) 
Values (1742,'PEU','123 Broadway Road, New York, NY, 02229',8392917492,6200,'PEU@gmail.com','Ground','2022-04-05') ;

 

INSERT INTO VENDOR(VENDORLIC, Name, Address,CONTACT, Quantity, Email,TRANSPORTMODE,SHIPMENTDATE) 
Values (2302,'LPU','256 Roosevelt Road, Los Angeles, CA, 05115',7382920174,3000,'LPU@gmail.com','Ground','2022-01-03') ;

 

INSERT INTO VENDOR(VENDORLIC, Name, Address,CONTACT, Quantity, Email,TRANSPORTMODE,SHIPMENTDATE) 
Values (2342,'DRE','712 Sunflower Road, Boston, MA, 02903',6213894038,'8000','DRE@gmail.com','Ground','2022-03-10'); 

 

INSERT INTO VENDOR(VENDORLIC, Name, Address,CONTACT, Quantity, Email,TRANSPORTMODE,SHIPMENTDATE) 
Values (9032,'FEI','238 Golden Road, New York, NY, 01115',7218393020,6800,'FEI@gmail.com','Ground','2022-02-05') ;

 

INSERT INTO VENDOR(VENDORLIC, Name, Address,CONTACT, Quantity, Email,TRANSPORTMODE,SHIPMENTDATE) 
Values (1235,'CES','623 Mountain Road, Seattle, WA, 02323',7252959205,3500,'CES@gmail.com','Ground','2022-03-06') ;

 

INSERT INTO VENDOR(VENDORLIC, Name, Address,CONTACT, Quantity, Email,TRANSPORTMODE,SHIPMENTDATE) 
Values (2421,'QEZ','260 Oak Road, Boston, MA, 02356',7124902593,2500,'QEZ@gmail.com', 'Ground','2022-01-07') ;

 

INSERT INTO VENDOR(VENDORLIC, Name, Address,CONTACT, Quantity, Email,TRANSPORTMODE,SHIPMENTDATE) 
Values (8921,'IFD','611 Pine Road, San Francisco, CA, 07115',6238930294,8900,'IFD@gmail.com','Ground','2022-01-29') ;

 

INSERT INTO VENDOR(VENDORLIC, Name, Address,CONTACT, Quantity, Email,TRANSPORTMODE,SHIPMENTDATE) 
Values (7654,'WAI','629 Lake Road, Boston, MA, 03115',8372910385,4800,'WAI@gmail.com','Ground','2022-01-09') ;

-------------------------------------- data inser - manufacturer table ---------------------------------

INSERT INTO Manufacturer (ManufacturerID, Name, Address, CONTACT ,VACCINETYPE ,DAILYCAPACITY, Email) 
Values (12,'BTH','231 Maple Road, Boston, MA, 05233',8731239304,'Pfizer',2000,'BTH@gmail.com') ;

 

INSERT INTO Manufacturer (ManufacturerID, Name, Address, CONTACT ,VACCINETYPE ,DAILYCAPACITY, Email) 

Values (13,'DIS','832 View Road, New York, NY, 02357',8932383042,'Moderna',3000,'DIS@gmail.com') ;

 

INSERT INTO Manufacturer (ManufacturerID, Name, Address, CONTACT ,VACCINETYPE ,DAILYCAPACITY, Email) 

Values (28,'DEW','323 Sea Road, Seattle, WA, 06323',6233034382,'Moderna',2500,'DEW@gmail.com') ;

 

INSERT INTO Manufacturer (ManufacturerID, Name, Address, CONTACT ,VACCINETYPE ,DAILYCAPACITY, Email) 

Values (10,'FAU','498 Sky Road, Seattle, WA, 09738',6292891749,'Pfizer',1500,'FAU@gmail.com') ;

 

INSERT INTO Manufacturer (ManufacturerID, Name, Address, CONTACT ,VACCINETYPE ,DAILYCAPACITY, Email) 
Values (23,'VEM','561 Park Road, Los Angeles, CA, 06115',6268392018,'Pfizer',3000,'VEM@gmail.com') ;

 

INSERT INTO Manufacturer (ManufacturerID, Name, Address, CONTACT ,VACCINETYPE ,DAILYCAPACITY, Email) 

Values (24,'IUT','176 Harrison Road, New York, NY, 05229',6172930503,'Moderna',4000,'IUT@gmail.com') ;

 

INSERT INTO Manufacturer (ManufacturerID, Name, Address, CONTACT ,VACCINETYPE ,DAILYCAPACITY, Email) 

Values (20,'DCS','525 River Road, Los Angeles, CA, 08115',6930449033,'Pfizer',3500,'DCS@gmail.com')  ;

 

INSERT INTO Manufacturer (ManufacturerID, Name, Address, CONTACT ,VACCINETYPE ,DAILYCAPACITY, Email) 

Values (17,'TSD','203 Broadway Road, New York, NY, 05327',7283910948,'Moderna',5000,'TSD@gmail.com') ;

 

INSERT INTO Manufacturer (ManufacturerID, Name, Address, CONTACT ,VACCINETYPE ,DAILYCAPACITY, Email) 

Values (15,'AEU','606 Hanover Road, Boston, MA, 01390',6289320938,'Pfizer',4500,'AEU@gmail.com') ;

 

INSERT INTO Manufacturer (ManufacturerID, Name, Address, CONTACT ,VACCINETYPE ,DAILYCAPACITY, Email) 

Values (11,'BER','111 Franklin Road, San Francisco, CA, 06122',6273859305,'Pfizer',5500,'BER@gmail.com') ;

---------------------------------data insert - customer table --------------------------------

INSERT INTO CUSTOMER
    (CUSTOMERID, CUSTOMERNAME, DOB, GENDER, CONTACT, EMAIL, SSN, DOSENUMBER)

VALUES(11002, 'Ajay Jadeja', '1989-05-13', 'Male', 5712349980, 'jadeja.ajay@gmail.com', 1234567890, 1);



INSERT INTO CUSTOMER
    (CUSTOMERID, CUSTOMERNAME, DOB, GENDER, CONTACT, EMAIL, SSN, DOSENUMBER)

VALUES(30202, 'Virat Kohli', '1990-08-26', 'Male', 5713345576, 'kohli.virat@gmail.com', 1234561234, 2);



INSERT INTO CUSTOMER
    (CUSTOMERID, CUSTOMERNAME, DOB, GENDER, CONTACT, EMAIL, SSN, DOSENUMBER)

VALUES(12120, 'MS Dhoni', '1992-04-04', 'Male', 5713342233, 'dhoni.ms@gmail.com', 1134561104, 1);



INSERT INTO CUSTOMER
    (CUSTOMERID, CUSTOMERNAME, DOB, GENDER, CONTACT, EMAIL, SSN, DOSENUMBER)

VALUES(33024, 'Rohit Sharma', '1993-06-14', 'Male', 5714009099, 'sharma.rohit@gmail.com', 1139081034, 1);



INSERT INTO CUSTOMER
    (CUSTOMERID, CUSTOMERNAME, DOB, GENDER, CONTACT, EMAIL, SSN, DOSENUMBER)

VALUES(41342, 'Yvraj Singh', '1996-12-10', 'Male', 5718980021, 'singh.yvraj@gmail.com', 1564561134, 1);


INSERT INTO CUSTOMER
    (CUSTOMERID, CUSTOMERNAME, DOB, GENDER, CONTACT, EMAIL, SSN, DOSENUMBER)

VALUES(32446, 'Adam Gilcrist', '1994-09-20', 'Male', 5712340112, 'gilcrist.adam@gmail.com', 1234565644, 2);



INSERT INTO CUSTOMER
    (CUSTOMERID, CUSTOMERNAME, DOB, GENDER, CONTACT, EMAIL, SSN, DOSENUMBER)

VALUES(10123, 'Srisant Kumar', '1985-12-12', 'Male', 5712902224, 'kumar.srisant@gmail.com', 1134569120, 1);



INSERT INTO CUSTOMER
    (CUSTOMERID, CUSTOMERNAME, DOB, GENDER, CONTACT, EMAIL, SSN, DOSENUMBER)

VALUES(22789, 'Ricky Pointing', '1987-07-03', 'Male', 5719080022, 'pointing.ricky@gmail.com', 1234561200, 2);


INSERT INTO CUSTOMER
    (CUSTOMERID, CUSTOMERNAME, DOB, GENDER, CONTACT, EMAIL, SSN, DOSENUMBER)

VALUES(13452, 'Daniel Reeds', '1990-03-02', 'Male', 5712305545, 'reeds.daniel@gmail.com', 1234566675, 2);



INSERT INTO CUSTOMER
    (CUSTOMERID, CUSTOMERNAME, DOB, GENDER, CONTACT, EMAIL, SSN, DOSENUMBER)

VALUES(43225, 'Joe Root', '1991-01-03', 'Male', 5718765555, 'root.joe@gmail.com', 1134560023, 1); 

------------------------------------data insert - insurance table -----------------------------

INSERT INTO INSURANCE
    (INSURANCEID, COMPANYNAME, CUSTOMERID, INSURANCETYPE, INSURANCECOVERAGE, INSURANCEDURATION, INSURANCECOST)

VALUES(128, 'AB Health Corp', 11002, 'Health', 70, 12, 35000);



INSERT INTO INSURANCE
    (INSURANCEID, COMPANYNAME, CUSTOMERID, INSURANCETYPE, INSURANCECOVERAGE, INSURANCEDURATION, INSURANCECOST)

VALUES(154, 'AB Health Corp', 30202, 'Health', 80, 18, 30000);



INSERT INTO INSURANCE
    (INSURANCEID, COMPANYNAME, CUSTOMERID, INSURANCETYPE, INSURANCECOVERAGE, INSURANCEDURATION, INSURANCECOST)

VALUES(189, 'Tata Corp', 12120, 'Health', 90, 24, 32000);



INSERT INTO INSURANCE
    (INSURANCEID, COMPANYNAME, CUSTOMERID, INSURANCETYPE, INSURANCECOVERAGE, INSURANCEDURATION, INSURANCECOST)

VALUES(231, 'Tata Corp', 33024, 'Health', 95, 12, 40000);



INSERT INTO INSURANCE
    (INSURANCEID, COMPANYNAME, CUSTOMERID, INSURANCETYPE, INSURANCECOVERAGE, INSURANCEDURATION, INSURANCECOST)

VALUES(277, 'Tata Corp', 41342, 'Health', 100, 12, 43000);



INSERT INTO INSURANCE
    (INSURANCEID, COMPANYNAME, CUSTOMERID, INSURANCETYPE, INSURANCECOVERAGE, INSURANCEDURATION, INSURANCECOST)

VALUES(890, 'Bajaj Corp', 32446, 'Health', 85, 24, 33000);



INSERT INTO INSURANCE
    (INSURANCEID, COMPANYNAME, CUSTOMERID, INSURANCETYPE, INSURANCECOVERAGE, INSURANCEDURATION, INSURANCECOST)

VALUES(145, 'Tata Corp', 10123, 'Health', 75, 18, 31000);



INSERT INTO INSURANCE
    (INSURANCEID, COMPANYNAME, CUSTOMERID, INSURANCETYPE, INSURANCECOVERAGE, INSURANCEDURATION, INSURANCECOST)

VALUES(190, 'Siska Corp', 22789, 'Health', 90, 18, 34000);



INSERT INTO INSURANCE
    (INSURANCEID, COMPANYNAME, CUSTOMERID, INSURANCETYPE, INSURANCECOVERAGE, INSURANCEDURATION, INSURANCECOST)

VALUES(461, 'Siska Corp', 13452, 'Health', 95, 12, 33000);



INSERT INTO INSURANCE
    (INSURANCEID, COMPANYNAME, CUSTOMERID, INSURANCETYPE, INSURANCECOVERAGE, INSURANCEDURATION, INSURANCECOST)

VALUES(622, 'Siska Corp', 43225, 'Health', 85, 12, 30000); 

--------------------------- data insert - employee table -------------------------


INSERT INTO EMPLOYEE (EMPLOYEEID,EMPLOYEENAME,GENDER,DOB,CONTACT,CHAMBERNUMBER,EMAIL,DAYSAVAILABLE,VACCCENTERID,EMPLOYEETYPE) VALUES (101,'Alice Lu','Female','1990-05-23',6272390125,'DW','Alice1990@gmail.com',3,634356,'Doctor'); 

INSERT INTO EMPLOYEE (EMPLOYEEID,EMPLOYEENAME,GENDER,DOB,CONTACT,CHAMBERNUMBER,EMAIL,DAYSAVAILABLE,VACCCENTERID,EMPLOYEETYPE) VALUES (102,'Ann LI','Female','1989-03-28',6253902412,'OW','Ann1989@gmail.com',5,345987,'Staff'); 

INSERT INTO EMPLOYEE (EMPLOYEEID,EMPLOYEENAME,GENDER,DOB,CONTACT,CHAMBERNUMBER,EMAIL,DAYSAVAILABLE,VACCCENTERID,EMPLOYEETYPE) VALUES (103,'Tim Yang','Female','1993-01-29',6293401029,'FJ','Tim1993@gmail.com',3,789123,'Doctor'); 

INSERT INTO EMPLOYEE (EMPLOYEEID,EMPLOYEENAME,GENDER,DOB,CONTACT,CHAMBERNUMBER,EMAIL,DAYSAVAILABLE,VACCCENTERID,EMPLOYEETYPE) VALUES (104,'Tom Davis','Female','1983-06-19',8341903439,'DF','Tom1983@gmail.com',2,546908,'Doctor'); 

INSERT INTO EMPLOYEE (EMPLOYEEID,EMPLOYEENAME,GENDER,DOB,CONTACT,CHAMBERNUMBER,EMAIL,DAYSAVAILABLE,VACCCENTERID,EMPLOYEETYPE) VALUES (105,'Kevin Johnson','Male','1995-07-20',6240392850,'DE','Kevin1995@gmail.com',6,348722,'Doctor'); 

INSERT INTO EMPLOYEE (EMPLOYEEID,EMPLOYEENAME,GENDER,DOB,CONTACT,CHAMBERNUMBER,EMAIL,DAYSAVAILABLE,VACCCENTERID,EMPLOYEETYPE) VALUES (106,'Selina Willams','Female','1991-09-15',6137930205,'DJ','Selina1992@gmail.com',7,768890,'Staff'); 

INSERT INTO EMPLOYEE (EMPLOYEEID,EMPLOYEENAME,GENDER,DOB,CONTACT,CHAMBERNUMBER,EMAIL,DAYSAVAILABLE,VACCCENTERID,EMPLOYEETYPE) VALUES (107,'Arthur Wilson','Male','1993-05-16',6283784920,'UI','Arthur1993@gmail.com',5,387691,'Doctor'); 

INSERT INTO EMPLOYEE (EMPLOYEEID,EMPLOYEENAME,GENDER,DOB,CONTACT,CHAMBERNUMBER,EMAIL,DAYSAVAILABLE,VACCCENTERID,EMPLOYEETYPE) VALUES (108,'Jason Thomas','Male','1987-03-23',6283793902,'HJ','Jason1987@gmail.com',1,768342,'Staff'); 

INSERT INTO EMPLOYEE (EMPLOYEEID,EMPLOYEENAME,GENDER,DOB,CONTACT,CHAMBERNUMBER,EMAIL,DAYSAVAILABLE,VACCCENTERID,EMPLOYEETYPE) VALUES (109,'Elina Taylor','Female','1985-06-12',6387289392,'UR','Elina1985@gmail.com',6,656565,'Staff'); 

INSERT INTO EMPLOYEE (EMPLOYEEID,EMPLOYEENAME,GENDER,DOB,CONTACT,CHAMBERNUMBER,EMAIL,DAYSAVAILABLE,VACCCENTERID,EMPLOYEETYPE) VALUES (110,'Jessica Miller','Female','1990-02-23',7832904820,'SD','Jessica1990@gmail.com',5,902234,'Doctor'); 


----------------------- data insert vaccine batch ------------------------------

INSERT INTO VACCINEBATCH (BATCHNUMBER,NAME,VACCINETYPE,MANUFACTUREDATE,USEBEFORE,MANUFACTURERID) VALUES (153,'Pfizer153','Pfizer','2022-03-01','2022-12-01',12); 

INSERT INTO VACCINEBATCH (BATCHNUMBER,NAME,VACCINETYPE,MANUFACTUREDATE,USEBEFORE,MANUFACTURERID) VALUES (365,'Moderna365','Moderna','2022-02-03','2022-03-11',13); 

INSERT INTO VACCINEBATCH (BATCHNUMBER,NAME,VACCINETYPE,MANUFACTUREDATE,USEBEFORE,MANUFACTURERID) VALUES (761,'Moderna761','Moderna','2022-05-23','2022-12-25',28); 

INSERT INTO VACCINEBATCH (BATCHNUMBER,NAME,VACCINETYPE,MANUFACTUREDATE,USEBEFORE,MANUFACTURERID) VALUES (276,'Pfizer276','Pfizer','2022-01-01','2022-10-01',10); 

INSERT INTO VACCINEBATCH (BATCHNUMBER,NAME,VACCINETYPE,MANUFACTUREDATE,USEBEFORE,MANUFACTURERID) VALUES (872,'Pfizer872','Pfizer','2022-03-05','2022-12-05',23); 

INSERT INTO VACCINEBATCH (BATCHNUMBER,NAME,VACCINETYPE,MANUFACTUREDATE,USEBEFORE,MANUFACTURERID) VALUES (253,'Moderna253','Moderna','2022-02-01','2022-11-01',24); 

INSERT INTO VACCINEBATCH (BATCHNUMBER,NAME,VACCINETYPE,MANUFACTUREDATE,USEBEFORE,MANUFACTURERID) VALUES (78,'Pfizer078','Pfizer','2022-03-03','2022-12-03',20); 

INSERT INTO VACCINEBATCH (BATCHNUMBER,NAME,VACCINETYPE,MANUFACTUREDATE,USEBEFORE,MANUFACTURERID) VALUES (123,'Moderna123','Moderna','2022-01-03','2022-10-03',17); 

INSERT INTO VACCINEBATCH (BATCHNUMBER,NAME,VACCINETYPE,MANUFACTUREDATE,USEBEFORE,MANUFACTURERID) VALUES (321,'Pfizer321','Pfizer','2022-01-15','2022-10-15',15); 

INSERT INTO VACCINEBATCH (BATCHNUMBER,NAME,VACCINETYPE,MANUFACTUREDATE,USEBEFORE,MANUFACTURERID) VALUES (532,'Pfizer532','Pfizer','2022-01-02','2022-10-02',11); 

--------------------------------------- data insert - operations table ------------------------------

INSERT INTO OPERATIONS (CENTERID,VENDORLIC,MANUFACTURERID,BATCHNUMBER,DELIVERYDATE,[status]) VALUES (634356,1983,12,153,'2022-03-19','Delivered'); 

INSERT INTO OPERATIONS (CENTERID,VENDORLIC,MANUFACTURERID,BATCHNUMBER,DELIVERYDATE,[status]) VALUES (345987,2891,13,365,'2022-02-17','Delivered'); 

INSERT INTO OPERATIONS (CENTERID,VENDORLIC,MANUFACTURERID,BATCHNUMBER,DELIVERYDATE,[status]) VALUES (789123,1742,28,761,'2022-04-15','Delivered'); 

INSERT INTO OPERATIONS (CENTERID,VENDORLIC,MANUFACTURERID,BATCHNUMBER,DELIVERYDATE,[status]) VALUES (546908,2302,10,276,'2022-01-16','Delivered'); 

INSERT INTO OPERATIONS (CENTERID,VENDORLIC,MANUFACTURERID,BATCHNUMBER,DELIVERYDATE,[status]) VALUES (348722,2342,23,872,'2022-03-28','Delivered'); 

INSERT INTO OPERATIONS (CENTERID,VENDORLIC,MANUFACTURERID,BATCHNUMBER,DELIVERYDATE,[status]) VALUES (768890,9032,24,253,'2022-02-15','Delivered'); 

INSERT INTO OPERATIONS (CENTERID,VENDORLIC,MANUFACTURERID,BATCHNUMBER,DELIVERYDATE,[status]) VALUES (387691,1235,20,78,'2022-03-21','Delivered'); 

INSERT INTO OPERATIONS (CENTERID,VENDORLIC,MANUFACTURERID,BATCHNUMBER,DELIVERYDATE,[status]) VALUES (768342,2421,17,123,'2022-01-19','Not Delivered'); 

INSERT INTO OPERATIONS (CENTERID,VENDORLIC,MANUFACTURERID,BATCHNUMBER,DELIVERYDATE,[status]) VALUES (656565,8921,15,321,'2022-02-03','Not Delivered'); 

INSERT INTO OPERATIONS (CENTERID,VENDORLIC,MANUFACTURERID,BATCHNUMBER,DELIVERYDATE,[status]) VALUES (902234,7654,11,532,'2022-01-25','Not Delivered'); 

-------------------------------data insert - doctor table -----------------------------------

INSERT INTO DOCTOR (DOCTORID,SPECIALIZATION,DOCTORLICNO) VALUES (101,'Infectious disease',123); 

INSERT INTO DOCTOR (DOCTORID,SPECIALIZATION,DOCTORLICNO) VALUES (102,'Allery and immunology',356); 

INSERT INTO DOCTOR (DOCTORID,SPECIALIZATION,DOCTORLICNO) VALUES (103,'Emergency medicine',125); 

INSERT INTO DOCTOR (DOCTORID,SPECIALIZATION,DOCTORLICNO) VALUES (104,'Intensive care',892); 

INSERT INTO DOCTOR (DOCTORID,SPECIALIZATION,DOCTORLICNO) VALUES (105,'Dermatology',290); 

INSERT INTO DOCTOR (DOCTORID,SPECIALIZATION,DOCTORLICNO) VALUES (106,'Drugs',128); 

INSERT INTO DOCTOR (DOCTORID,SPECIALIZATION,DOCTORLICNO) VALUES (107,'Allery',336); 

INSERT INTO DOCTOR (DOCTORID,SPECIALIZATION,DOCTORLICNO) VALUES (108,'Dental',925); 

INSERT INTO DOCTOR (DOCTORID,SPECIALIZATION,DOCTORLICNO) VALUES (109,'Physiotherapy',872); 

INSERT INTO DOCTOR (DOCTORID,SPECIALIZATION,DOCTORLICNO) VALUES (110,'eyecare',280); 

--------------------------data insert - staff table --------------------------------

INSERT INTO STAFF (STAFFID,DEPARTMENT) VALUES (106,'Security'); 

INSERT INTO STAFF (STAFFID,DEPARTMENT) VALUES (107,'Disinfection department'); 

INSERT INTO STAFF (STAFFID,DEPARTMENT) VALUES (108,'Information Center'); 

INSERT INTO STAFF (STAFFID,DEPARTMENT) VALUES (109,'Disinfection department'); 

INSERT INTO STAFF (STAFFID,DEPARTMENT) VALUES (110,'Information Center'); 
INSERT INTO STAFF (STAFFID,DEPARTMENT) VALUES (101,'Securit'); 

INSERT INTO STAFF (STAFFID,DEPARTMENT) VALUES (102,'Disinfection departmen'); 

INSERT INTO STAFF (STAFFID,DEPARTMENT) VALUES (103,'Information Cente'); 

INSERT INTO STAFF (STAFFID,DEPARTMENT) VALUES (104,'Disinfection departmen'); 

INSERT INTO STAFF (STAFFID,DEPARTMENT) VALUES (105,'Information Cente'); 

--------------data insert -  vaccine record table ------------------------------------

INSERT INTO VACCINERECORD(VACCCARDNUMBER, VACCINETYPE, BATCHNUMBER, VACCDATE, DOSENUMBER, DOCTORID, CENTERID,CUSTOMERID)
VALUES(12,	'Pfizer',	'153',	'2021-06-20',	1,	101,	634356,	11002);

INSERT INTO VACCINERECORD(VACCCARDNUMBER, VACCINETYPE, BATCHNUMBER, VACCDATE, DOSENUMBER, DOCTORID, CENTERID,CUSTOMERID)
VALUES(23,	'Moderna',	'365',	'2021-04-03',	2,	102,	345987,	30202);

INSERT INTO VACCINERECORD(VACCCARDNUMBER, VACCINETYPE, BATCHNUMBER, VACCDATE, DOSENUMBER, DOCTORID, CENTERID,CUSTOMERID)
VALUES(43,	'Moderna',	'761',	'2021-06-04',	1,	103,	789123,	12120);

INSERT INTO VACCINERECORD(VACCCARDNUMBER, VACCINETYPE, BATCHNUMBER, VACCDATE, DOSENUMBER, DOCTORID, CENTERID,CUSTOMERID)
VALUES(29,	'Pfizer',	'276',	'2021-09-08',	1,	104,	546908,	33024);

INSERT INTO VACCINERECORD(VACCCARDNUMBER, VACCINETYPE, BATCHNUMBER, VACCDATE, DOSENUMBER, DOCTORID, CENTERID,CUSTOMERID)
VALUES(80,	'Pfizer',	'872',	'2021-04-09',	1,	105,	348722,	41342);

INSERT INTO VACCINERECORD(VACCCARDNUMBER, VACCINETYPE, BATCHNUMBER, VACCDATE, DOSENUMBER, DOCTORID, CENTERID,CUSTOMERID)
VALUES(67,	'Moderna',	'253',	'2021-04-19',	2,	106,	768890,	32446);

INSERT INTO VACCINERECORD(VACCCARDNUMBER, VACCINETYPE, BATCHNUMBER, VACCDATE, DOSENUMBER, DOCTORID, CENTERID,CUSTOMERID)
VALUES(65,	'Pfizer',	'078',	'2021-04-26',	1,	107,	387691,	10123);

INSERT INTO VACCINERECORD(VACCCARDNUMBER, VACCINETYPE, BATCHNUMBER, VACCDATE, DOSENUMBER, DOCTORID, CENTERID,CUSTOMERID)
VALUES(47,	'Moderna',	'123',	'2021-05-04',	2,	108,	768342,	22789);

INSERT INTO VACCINERECORD(VACCCARDNUMBER, VACCINETYPE, BATCHNUMBER, VACCDATE, DOSENUMBER, DOCTORID, CENTERID,CUSTOMERID)
VALUES(44,	'Pfizer',	'321',	'2021-05-03',	2,	109,	656565,	13452);

INSERT INTO VACCINERECORD(VACCCARDNUMBER, VACCINETYPE, BATCHNUMBER, VACCDATE, DOSENUMBER, DOCTORID, CENTERID,CUSTOMERID)
VALUES(58,	'Pfizer',	'532',	'2021-04-10',1,	110,	902234,	43225);

-------------------------------------------------------------------------------------------------------------------------